Name,EmployeId,Company,Email
Aleshia Tomkiewicz,1,Dmart,atomkiewicz@hotmail.com
Evan Zigomalas,2,BigBazar,evan.zigomalas@gmail.com
France Andrade,3,Reliance,france.andrade@hotmail.com
Ulysses Mcwalters,4,Dmart,ulysses@hotmail.com
Tyisha Veness,5,BigBazar,tyisha.veness@hotmail.com
Eric Rampy,6,Reliance,erampy@rampy.co.uk
Marg Grasmick,7,Dmart,marg@hotmail.com
Laquita Hisaw,8,BigBazar,laquita@yahoo.com
Lura Manzella,9,Reliance,lura@hotmail.com
Yuette Klapec,10,Dmart,yuette.klapec@klapec.co.uk
Fernanda Writer,11,BigBazar,fernanda@writer.co.uk
Charlesetta Erm,12,Reliance,charlesetta_erm@gmail.com
Corrinne Jaret,13,Dmart,corrinne_jaret@gmail.com
Niesha Bruch,14,BigBazar,niesha.bruch@yahoo.com
Rueben Gastellum,15,Reliance,rueben_gastellum@gastellum.co.uk
Michell Throssell,16,Dmart,mthrossell@throssell.co.uk
Edgar Kanne,17,BigBazar,edgar.kanne@yahoo.com
Dewitt Julio,18,Reliance,dewitt.julio@hotmail.com
Charisse Spinello,19,Dmart,charisse_spinello@spinello.co.uk
Mee Lapinski,20,BigBazar,mee.lapinski@yahoo.com
Peter Gutierres,21,Reliance,peter_gutierres@yahoo.com
Octavio Salvadore,22,Dmart,octavio.salvadore@yahoo.com
Martha Teplica,23,BigBazar,mteplica@teplica.co.uk
Tamesha Veigel,24,Reliance,tveigel@veigel.co.uk
Tess Sitra,25,Dmart,tess_sitra@hotmail.com
Leonard Kufner,26,BigBazar,lkufner@kufner.co.uk
Svetlana Tauras,27,Reliance,svetlana_tauras@tauras.co.uk
Pok Molaison,28,Dmart,pok@yahoo.com
Augustine Growcock,29,BigBazar,augustine.growcock@growcock.co.uk
Karma Quarto,30,Reliance,kquarto@gmail.com
Reed Weisinger,31,Dmart,reed_weisinger@yahoo.com
German Zelaya,32,BigBazar,german@hotmail.com
Milly Savidge,33,Reliance,milly@gmail.com
Luis Ear,34,Dmart,luis@hotmail.com
Ciara Cobbley,35,BigBazar,ciara_cobbley@hotmail.com
Alethea Mould,36,Reliance,alethea@hotmail.com
Margurite Loperfido,37,Dmart,mloperfido@gmail.com
Vernice Sperazza,38,BigBazar,vernice@yahoo.com
Vicente Rawicki,39,Reliance,vicente_rawicki@hotmail.com
Craig Cua,40,Reliance,craig@hotmail.com
Jenise Dulle,41,Reliance,jenise.dulle@hotmail.com
Marylin Cornelison,42,Dmart,marylin_cornelison@yahoo.com
Marget Gunst,43,BigBazar,mgunst@yahoo.com
Annett Bunselmeyer,44,Reliance,abunselmeyer@hotmail.com
Kip Turziano,45,BigBazar,kip.turziano@yahoo.com
Melina Orizabal,46,Reliance,melina@gmail.com
Tina Clapham,47,Dmart,tclapham@gmail.com
Luisa Devereux,48,BigBazar,ldevereux@gmail.com
Pedro Aschoff,49,Reliance,paschoff@yahoo.com
Carrol Kunimitsu,50,Dmart,carrol_kunimitsu@yahoo.com
Alba Mosseri,51,BigBazar,alba@gmail.com
Domonique Sandlin,52,Reliance,domonique@hotmail.com
Rory Neufville,53,Dmart,rory_neufville@neufville.co.uk
Dustin Klingaman,54,BigBazar,dklingaman@gmail.com
Lyndia Moonshower,55,Reliance,lyndia_moonshower@moonshower.co.uk
Jules Hiltner,56,Dmart,jules@yahoo.com
Dong Kopczynski,57,BigBazar,dkopczynski@kopczynski.co.uk
Justine Salta,58,Reliance,justine_salta@yahoo.com
Chantay Kamens,59,Dmart,ckamens@hotmail.com
Tequila Chisum,60,BigBazar,tequila.chisum@chisum.co.uk
Maybelle Consolazio,61,Reliance,mconsolazio@yahoo.com
Margarett Bairo,62,Dmart,margarett@gmail.com
Janessa Noonon,63,BigBazar,jnoonon@yahoo.com
Sol Cowser,64,Reliance,sol@gmail.com
Louann Smethers,65,Dmart,louann@gmail.com
Lindsay Yadao,66,BigBazar,lindsay_yadao@yadao.co.uk
Malika Hanton,67,Reliance,malika@gmail.com
Stefany Ferenz,68,Reliance,stefany@hotmail.com
Abraham Cratch,69,Dmart,acratch@gmail.com
Giuseppe Rohaley,70,BigBazar,giuseppe@yahoo.com
Kiera Bassil,71,Reliance,kbassil@bassil.co.uk
Wendell Rubano,72,Dmart,wendell_rubano@hotmail.com
Stevie Stifflemire,73,BigBazar,stevie_stifflemire@stifflemire.co.uk
Yun Paletta,74,Reliance,yun_paletta@paletta.co.uk
Brittani Thurm,75,Dmart,bthurm@yahoo.com
Billy Venus,76,BigBazar,billy.venus@yahoo.com
Brynn Elkan,77,Reliance,brynn@yahoo.com
Elroy Piehler,78,Dmart,epiehler@piehler.co.uk
Anisha Shulick,79,BigBazar,ashulick@yahoo.com
Bettina Kham,80,Reliance,bettina.kham@kham.co.uk
Velda Mancilla,81,Reliance,velda_mancilla@mancilla.co.uk
Marta Brace,82,Reliance,marta.brace@brace.co.uk
Juan Vanwyhe,83,Dmart,juan_vanwyhe@gmail.com
Lelia Filion,84,BigBazar,lelia.filion@filion.co.uk
Una Frankel,85,Reliance,ufrankel@hotmail.com
Eva Joulwan,86,Dmart,eva.joulwan@gmail.com
Mammie Dormanen,87,BigBazar,mammie_dormanen@hotmail.com
Jeannetta Coolidge,88,Reliance,jeannetta_coolidge@gmail.com
Elbert Drawe,89,Dmart,edrawe@drawe.co.uk
Lenny Gazzola,90,BigBazar,lenny.gazzola@yahoo.com
Mira Alpheaus,91,Reliance,mira.alpheaus@yahoo.com
Cathern Ungar,92,Dmart,cathern.ungar@ungar.co.uk
Malcom Fleckles,93,BigBazar,malcom.fleckles@gmail.com
Monroe Damato,94,Reliance,mdamato@damato.co.uk
Leota Fletchen,95,BigBazar,lfletchen@gmail.com
Berry Gutoski,96,Reliance,berry@gmail.com
Meghan Riherd,97,Reliance,meghan@riherd.co.uk
Mike Torner,98,Dmart,mike_torner@torner.co.uk
Elsa Delisle,99,BigBazar,elsa_delisle@gmail.com
Linwood Rosenlof,100,Reliance,linwood.rosenlof@yahoo.com
